,TAZID,GEOID
0,460,49011125401
1,461,49011125401
2,425,49011125401
3,427,49011125401
4,457,49011125401
5,458,49011125401
6,459,49011125401
7,462,49011125401
8,426,49011125401
9,424,49011125401
10,656,49035113906
11,657,49035113906
12,661,49035113906
13,658,49035113906
14,665,49035113906
15,660,49035113906
16,666,49035113906
17,674,49035113906
18,671,49035113906
19,670,49035113906
20,673,49035113906
21,675,49035113906
22,678,49035113906
23,672,49035113906
24,679,49035113906
25,680,49035113906
26,682,49035113906
27,686,49035113906
28,691,49035113906
29,695,49035113906
30,696,49035113906
31,683,49035113906
32,770,49035113906
33,773,49035113906
34,794,49035113906
35,676,49035113906
36,684,49035113906
37,655,49035113906
38,664,49035113906
39,667,49035113906
40,659,49035113906
41,677,49035113906
42,668,49035113906
43,681,49035113906
44,2696,49049010504
45,2697,49049010504
46,2695,49049010504
47,2677,49049010504
48,2678,49049010504
49,2675,49049010504
50,2692,49049010504
51,2676,49049010504
52,2693,49049010504
53,2694,49049010504
54,2704,49049010504
55,2699,49049010504
56,2701,49049010504
57,2700,49049010504
58,2698,49049010504
59,2686,49049010504
60,2684,49049010504
61,2685,49049010504
62,2683,49049010504
63,2687,49049010504
64,2689,49049010504
65,2690,49049010504
66,2705,49049010504
67,2703,49049010504
68,2707,49049010504
69,2710,49049010504
70,2711,49049010504
71,2714,49049010504
72,2713,49049010504
73,2712,49049010504
74,2715,49049010504
75,2717,49049010504
76,2721,49049010504
77,2688,49049010504
78,2813,49049010504
79,2815,49049010504
80,2816,49049010504
81,2845,49049010504
82,2844,49049010504
83,2706,49049010504
84,2691,49049010504
85,2708,49049010504
86,2814,49049010504
87,2716,49049010504
88,2702,49049010504
89,2722,49049010504
90,2718,49049010504
91,2719,49049010504
92,1354,49035113907
93,1355,49035113907
94,1353,49035113907
95,687,49035113907
96,714,49035113907
97,1343,49035113907
98,1341,49035113907
99,1346,49035113907
100,1345,49035113907
101,1352,49035113907
102,1360,49035113907
103,693,49035113907
104,1351,49035113907
105,716,49035113907
106,694,49035113907
107,713,49035113907
108,1344,49035113907
109,690,49035113907
110,1342,49035113907
111,688,49035113907
112,1340,49035113907
113,689,49035113907
114,1339,49035113907
115,1347,49035113907
116,692,49035113907
117,697,49035113907
118,698,49035113907
119,715,49035113907
120,1362,49035114300
121,1363,49035114300
122,1357,49035114300
123,1364,49035114300
124,1358,49035114300
125,1455,49035114300
126,1429,49035114300
127,1430,49035114300
128,1428,49035114300
129,1456,49035114300
130,1361,49035113105
131,1368,49035113105
132,1369,49035113105
133,1370,49035113105
134,1394,49035113105
135,1403,49035113105
136,1367,49035113105
137,1371,49035113105
138,1372,49035113105
139,1389,49035113105
140,1388,49035113105
141,1392,49035113105
142,1393,49035113105
143,1395,49035113105
144,1402,49035113105
145,1401,49035113105
146,1391,49035113105
147,1400,49035113105
148,1359,49035113105
149,1366,49035113105
150,1365,49035113105
151,1404,49035113105
152,1399,49035113105
153,1390,49035113105
154,1414,49035115106
155,1419,49035115106
156,1418,49035115106
157,1416,49035115106
158,1605,49035115106
159,1607,49035115106
160,1606,49035115106
161,1626,49035115106
162,1608,49035115106
163,1627,49035115106
164,1628,49035115106
165,1405,49035115106
166,1417,49035115106
167,1415,49035115106
168,1629,49035115106
169,1789,49049010107
170,1807,49049010107
171,1810,49049010107
172,1814,49049010107
173,1815,49049010107
174,1818,49049010107
175,1816,49049010107
176,1832,49049010107
177,1833,49049010107
178,1835,49049010107
179,1837,49049010107
180,1838,49049010107
181,1843,49049010107
182,1844,49049010107
183,1845,49049010107
184,1846,49049010107
185,1847,49049010107
186,1848,49049010107
187,1849,49049010107
188,1851,49049010107
189,1852,49049010107
190,1854,49049010107
191,1856,49049010107
192,1855,49049010107
193,1860,49049010107
194,1858,49049010107
195,1861,49049010107
196,1862,49049010107
197,1863,49049010107
198,1864,49049010107
199,1886,49049010107
200,1887,49049010107
201,1889,49049010107
202,1890,49049010107
203,1891,49049010107
204,1892,49049010107
205,1894,49049010107
206,1895,49049010107
207,1909,49049010107
208,1912,49049010107
209,1911,49049010107
210,1804,49049010107
211,1896,49049010107
212,1859,49049010107
213,1836,49049010107
214,1850,49049010107
215,1884,49049010107
216,1809,49049010107
217,1803,49049010107
218,1805,49049010107
219,1808,49049010107
220,1806,49049010107
221,1813,49049010107
222,1834,49049010107
223,1817,49049010107
224,1839,49049010107
225,1842,49049010107
226,1853,49049010107
227,1857,49049010107
228,1897,49049010107
229,1910,49049010107
230,1989,49049010107
231,1908,49049010107
232,1841,49049010107
233,1988,49049010107
234,1811,49049010107
235,1812,49049010107
236,1840,49049010107
237,1914,49049010107
238,2859,49049010107
239,1990,49049010107
240,1791,49049010103
241,1792,49049010103
242,1798,49049010103
243,1790,49049010103
244,1819,49049010103
245,1820,49049010103
246,1802,49049010103
247,1826,49049010103
248,1827,49049010103
249,1829,49049010103
250,1830,49049010103
251,1871,49049010103
252,1872,49049010103
253,1874,49049010103
254,1875,49049010103
255,1801,49049010103
256,1825,49049010103
257,1821,49049010103
258,1796,49049010103
259,1873,49049010103
260,1793,49049010103
261,1797,49049010103
262,1794,49049010103
263,1799,49049010103
264,1822,49049010103
265,1823,49049010103
266,1831,49049010103
267,1865,49049010103
268,1866,49049010103
269,1867,49049010103
270,1828,49049010103
271,1869,49049010103
272,1868,49049010103
273,1876,49049010103
274,1877,49049010103
275,1878,49049010103
276,1880,49049010103
277,1882,49049010103
278,2871,49049010103
279,1870,49049010103
280,1883,49049010103
281,1795,49049010103
282,1800,49049010103
283,1824,49049010103
284,1960,49049010109
285,1961,49049010109
286,1959,49049010109
287,1950,49049010109
288,1970,49049010109
289,1958,49049010109
290,1969,49049010109
291,1947,49049010109
292,1964,49049010109
293,1965,49049010109
294,1967,49049010109
295,1966,49049010109
296,1968,49049010109
297,1971,49049010109
298,1972,49049010109
299,1973,49049010109
300,1983,49049010109
301,1984,49049010109
302,1987,49049010109
303,1993,49049010109
304,1996,49049010109
305,1994,49049010109
306,1995,49049010109
307,1997,49049010109
308,1998,49049010109
309,1999,49049010109
310,2001,49049010109
311,2000,49049010109
312,2002,49049010109
313,2003,49049010109
314,2004,49049010109
315,2005,49049010109
316,2007,49049010109
317,2008,49049010109
318,2009,49049010109
319,1985,49049010109
320,1986,49049010109
321,1992,49049010109
322,1974,49049010105
323,1975,49049010105
324,1976,49049010105
325,1977,49049010105
326,1885,49049010105
327,1888,49049010105
328,1893,49049010105
329,1902,49049010105
330,1906,49049010105
331,1903,49049010105
332,1904,49049010105
333,1905,49049010105
334,1978,49049010105
335,1979,49049010105
336,1981,49049010105
337,1980,49049010105
338,1982,49049010105
339,1907,49049010105
340,2191,49049010112
341,2192,49049010112
342,2195,49049010112
343,2199,49049010112
344,2015,49049010112
345,2016,49049010112
346,2017,49049010112
347,2018,49049010112
348,2030,49049010112
349,2029,49049010112
350,2190,49049010112
351,2193,49049010112
352,2194,49049010112
353,2197,49049010112
354,2200,49049010112
355,2198,49049010112
356,2201,49049010112
357,2203,49049010112
358,2202,49049010112
359,2244,49049010112
360,2245,49049010112
361,2196,49049010112
362,2031,49049010112
363,2228,49049000603
364,2229,49049000603
365,2225,49049000603
366,2227,49049000603
367,2224,49049000603
368,2543,49049010303
369,2544,49049010303
370,2539,49049010303
371,2542,49049010303
372,2538,49049010303
373,2537,49049010303
374,2545,49049010303
375,2552,49049010305
376,2554,49049010305
377,2549,49049010305
378,2553,49049010305
379,2572,49049010305
380,2555,49049010305
381,2550,49049010305
382,2627,49049010503
383,2628,49049010503
384,2630,49049010503
385,2631,49049010503
386,2646,49049010503
387,2647,49049010503
388,2648,49049010503
389,2651,49049010503
390,2632,49049010503
391,2634,49049010503
392,2626,49049010503
393,2633,49049010503
394,2636,49049010503
395,2629,49049010503
396,2635,49049010503
397,2637,49049010503
398,2654,49049010503
399,2639,49049010503
400,2640,49049010503
401,2644,49049010503
402,2652,49049010503
403,2649,49049010503
404,2650,49049010503
405,2642,49049010503
406,2656,49049010503
407,2659,49049010503
408,2657,49049010503
409,2658,49049010503
410,2660,49049010503
411,2661,49049010503
412,2662,49049010503
413,2663,49049010503
414,2669,49049010503
415,2672,49049010503
416,2638,49049010503
417,2641,49049010503
418,2643,49049010503
419,2680,49049010503
420,2679,49049010503
421,2681,49049010503
422,2655,49049010503
423,2645,49049010503
424,2667,49049010503
425,2670,49049010503
426,2674,49049010503
427,2671,49049010503
428,2666,49049010503
429,2673,49049010503
430,2682,49049010503
431,2668,49049010503
432,2665,49049010503
433,2653,49049010503
434,2731,49049010406
435,2732,49049010406
436,2573,49049010406
437,2575,49049010406
438,2586,49049010406
439,2589,49049010406
440,2738,49049010406
441,2590,49049010406
442,2616,49049010406
443,2623,49049010406
444,2618,49049010406
445,2624,49049010406
446,2620,49049010406
447,2621,49049010406
448,2622,49049010406
449,2625,49049010406
450,2723,49049010406
451,2724,49049010406
452,2725,49049010406
453,2726,49049010406
454,2727,49049010406
455,2730,49049010406
456,2746,49049010406
457,2741,49049010406
458,2740,49049010406
459,2591,49049010406
460,2742,49049010406
461,2729,49049010406
462,2739,49049010406
463,2574,49049010406
464,2619,49049010406
465,2728,49049010406
466,2733,49049003401
467,2773,49049003401
468,2734,49049003401
469,2736,49049003401
470,2737,49049003401
471,2777,49049003401
472,2776,49049003401
473,2772,49049003401
474,2771,49049003401
475,2774,49049003401
476,2775,49049003401
477,2779,49049003401
478,2778,49049003401
479,2794,49049003401
480,2862,49049010600
481,2709,49049010600
482,2720,49049010600
483,2843,49049010600
484,2846,49049010600
485,2848,49049010600
486,2853,49049010600
487,2855,49049010600
488,2841,49049010600
489,2858,49049010600
490,2861,49049010600
491,2864,49049010600
492,2866,49049010600
493,2868,49049010600
494,2867,49049010600
495,2865,49049010600
496,2836,49049010600
497,2860,49049010600
498,2869,49049010600
499,2872,49049010600
500,2863,49049010600
501,2840,49049010600
502,2842,49049010600
503,2852,49049010600
504,2856,49049010600
505,2857,49049010600
506,2854,49049010600
507,2664,49049010600
508,2837,49049010600
509,2838,49049010600
510,2839,49049010600
511,444,49011125305
512,441,49011125305
513,442,49011125305
514,443,49011125305
515,450,49011125305
516,451,49011125305
517,464,49011125501
518,463,49011125501
519,466,49011125501
520,465,49011125501
521,2490,49049002901
522,2493,49049002901
523,2486,49049002901
524,2487,49049002901
525,2488,49049002901
526,2489,49049002901
527,2491,49049002901
528,2492,49049002901
529,2494,49049002901
530,2495,49049002901
531,2496,49049002901
532,2497,49049002901
533,2513,49049002901
534,2514,49049002901
535,2517,49049002901
536,2515,49049002901
537,2519,49049002901
538,2518,49049002901
539,2520,49049002901
540,2516,49049002901
541,2103,49049010108
542,2099,49049010108
543,2006,49049010108
544,2010,49049010108
545,2055,49049010108
546,2095,49049010108
547,2091,49049010108
548,2092,49049010108
549,2093,49049010108
550,2094,49049010108
551,2056,49049010108
552,2096,49049010108
553,2097,49049010108
554,2100,49049010108
555,2101,49049010108
556,2102,49049010108
557,2104,49049010108
558,2105,49049010108
559,2098,49049010108
560,2011,49049010108
561,2021,49049010111
562,2022,49049010111
563,2013,49049010111
564,2014,49049010111
565,2020,49049010111
566,2024,49049010111
567,2023,49049010111
568,2025,49049010111
569,2027,49049010111
570,2028,49049010111
571,2026,49049010111
572,2019,49049010111
573,1377,49035115209
574,1375,49035115209
575,1384,49035115209
576,1383,49035115209
577,1374,49035115209
578,1378,49035115209
579,1381,49035115209
580,1379,49035115209
581,1380,49035115209
582,1382,49035115209
583,1387,49035115209
584,1481,49035115209
585,1483,49035115209
586,1484,49035115209
587,1485,49035115209
588,1519,49035115209
589,1518,49035115209
590,1517,49035115209
591,1520,49035115209
592,1521,49035115209
593,1522,49035115209
594,1523,49035115209
595,1524,49035115209
596,1525,49035115209
597,1526,49035115209
598,1527,49035115209
599,1528,49035115209
600,1529,49035115209
601,1530,49035115209
602,1531,49035115209
603,1539,49035115209
604,1482,49035115209
605,1376,49035115209
606,1385,49035115209
607,1386,49035115209
608,1373,49035115209
609,133,49003960801
610,135,49003960801
611,23,49003960801
612,24,49003960801
613,109,49003960801
614,105,49003960801
615,106,49003960801
616,111,49003960801
617,114,49003960801
618,110,49003960801
619,112,49003960801
620,108,49003960801
621,113,49003960801
622,115,49003960801
623,116,49003960801
624,118,49003960801
625,122,49003960801
626,119,49003960801
627,117,49003960801
628,120,49003960801
629,121,49003960801
630,124,49003960801
631,123,49003960801
632,125,49003960801
633,126,49003960801
634,127,49003960801
635,130,49003960801
636,131,49003960801
637,140,49003960801
638,134,49003960801
639,128,49003960801
640,100,49003960801
641,101,49003960801
642,102,49003960801
643,103,49003960801
644,104,49003960801
645,129,49003960801
646,107,49003960801
647,132,49003960801
648,137,49003960400
649,1,49003960400
650,2,49003960400
651,4,49003960400
652,6,49003960400
653,5,49003960400
654,138,49003960400
655,3,49003960400
656,2205,49049010215
657,2208,49049010215
658,2204,49049010215
659,2206,49049010215
660,2210,49049010215
661,2209,49049010215
662,2207,49049010215
663,2322,49049001105
664,2323,49049001105
665,2326,49049001103
666,2330,49049001103
667,2327,49049001103
668,2881,49045130703
669,7,49003960200
670,8,49003960200
671,139,49003960200
672,9,49003960200
673,12,49003960500
674,13,49003960500
675,14,49003960500
676,19,49003960500
677,20,49003960500
678,21,49003960500
679,25,49003960500
680,27,49003960500
681,17,49003960500
682,28,49003960500
683,29,49003960500
684,30,49003960500
685,31,49003960500
686,32,49003960500
687,35,49003960500
688,33,49003960500
689,36,49003960500
690,37,49003960500
691,38,49003960500
692,60,49003960500
693,58,49003960500
694,59,49003960500
695,61,49003960500
696,63,49003960500
697,64,49003960500
698,22,49003960500
699,136,49003960500
700,34,49003960500
701,10,49003960500
702,11,49003960500
703,18,49003960500
704,16,49003960500
705,15,49003960500
706,26,49003960500
707,57,49003960500
708,39,49003960602
709,40,49003960602
710,41,49003960602
711,48,49003960602
712,51,49003960602
713,50,49003960602
714,53,49003960602
715,54,49003960602
716,55,49003960602
717,56,49003960602
718,42,49003960601
719,45,49003960601
720,43,49003960601
721,44,49003960601
722,46,49003960601
723,47,49003960601
724,49,49003960601
725,52,49003960601
726,62,49003960701
727,65,49003960701
728,66,49003960701
729,67,49003960701
730,68,49003960701
731,69,49003960701
732,70,49003960701
733,71,49003960701
734,72,49003960702
735,73,49003960702
736,74,49003960702
737,75,49003960702
738,76,49003960702
739,77,49003960702
740,78,49003960702
741,79,49003960702
742,86,49003960802
743,80,49003960802
744,84,49003960802
745,89,49003960802
746,91,49003960802
747,90,49003960802
748,92,49003960802
749,88,49003960802
750,85,49003960802
751,94,49003960802
752,95,49003960802
753,97,49003960802
754,98,49003960802
755,81,49003960802
756,82,49003960802
757,83,49003960802
758,87,49003960802
759,96,49003960802
760,99,49003960802
761,93,49003960802
762,144,49057210403
763,143,49057210403
764,146,49057210403
765,149,49057210403
766,145,49057210403
767,148,49057210403
768,159,49057210403
769,163,49057210403
770,164,49057210403
771,161,49057210403
772,165,49057210403
773,154,49057210403
774,160,49057210403
775,162,49057210403
776,157,49057210403
777,142,49057210403
778,141,49057210403
779,158,49057210403
780,147,49057210403
781,156,49057210403
782,153,49057210403
783,155,49057210403
784,150,49057210402
785,151,49057210402
786,194,49057210402
787,211,49057210402
788,213,49057210402
789,303,49057210402
790,193,49057210402
791,212,49057210402
792,152,49057210402
793,166,49057210404
794,170,49057210404
795,172,49057210404
796,173,49057210404
797,168,49057210404
798,171,49057210404
799,167,49057210404
800,169,49057210404
801,176,49057210303
802,181,49057210303
803,180,49057210303
804,182,49057210303
805,183,49057210303
806,184,49057210303
807,175,49057210303
808,174,49057210303
809,179,49057210304
810,185,49057210304
811,186,49057210304
812,177,49057210304
813,178,49057210304
814,189,49057210201
815,190,49057210201
816,191,49057210203
817,192,49057210203
818,197,49057210302
819,198,49057210302
820,196,49057210302
821,199,49057210302
822,200,49057210302
823,195,49057210302
824,201,49057210204
825,204,49057210204
826,206,49057210204
827,202,49057210204
828,203,49057210204
829,205,49057210204
830,207,49057200204
831,208,49057200204
832,215,49057200300
833,216,49057200300
834,217,49057200300
835,218,49057200300
836,219,49057200300
837,214,49057200300
838,210,49057200203
839,209,49057200203
840,220,49057200202
841,221,49057200202
842,222,49057200100
843,223,49057200100
844,224,49057200100
845,225,49057200100
846,226,49057200500
847,227,49057200500
848,309,49057200500
849,310,49057200500
850,312,49057200500
851,311,49057200500
852,228,49057200600
853,229,49057200600
854,230,49057200600
855,231,49057200600
856,234,49057210505
857,235,49057210505
858,245,49057210505
859,247,49057210505
860,240,49057210505
861,250,49057210505
862,251,49057210505
863,248,49057210505
864,254,49057210505
865,256,49057210505
866,253,49057210505
867,257,49057210505
868,249,49057210505
869,259,49057210505
870,305,49057210505
871,237,49057210505
872,242,49057210505
873,246,49057210505
874,258,49057210505
875,238,49057210505
876,236,49057210505
877,252,49057210505
878,233,49057210505
879,243,49057210505
880,239,49057210505
881,241,49057210505
882,244,49057210505
883,304,49057210505
884,255,49057210505
885,232,49057210505
886,261,49057201900
887,260,49057201900
888,262,49057201900
889,313,49057201900
890,314,49057201900
891,315,49057201900
892,263,49057201900
893,264,49057201900
894,276,49057210506
895,280,49057210506
896,277,49057210506
897,279,49057210506
898,278,49057210506
899,283,49057210600
900,282,49057210600
901,285,49057210600
902,284,49057210600
903,281,49057210600
904,287,49057210509
905,286,49057210509
906,291,49057210703
907,292,49057210703
908,293,49057210701
909,297,49057210701
910,294,49057210701
911,295,49057210701
912,296,49057210701
913,298,49057210704
914,302,49057210704
915,301,49057210704
916,299,49057210704
917,300,49057210704
918,306,49057200400
919,308,49057200400
920,307,49057200400
921,316,49057201100
922,318,49057201100
923,323,49057201100
924,319,49057201100
925,322,49057201100
926,321,49057201100
927,317,49057201100
928,320,49057201100
929,325,49057201100
930,326,49057201100
931,324,49057201100
932,327,49057201100
933,328,49057201100
934,329,49057201100
935,330,49057201100
936,331,49057201100
937,332,49057201100
938,333,49057201100
939,336,49057201100
940,334,49057201200
941,335,49057201200
942,351,49057201200
943,350,49057201200
944,353,49057201200
945,352,49057201200
946,337,49057200900
947,338,49057200900
948,339,49057200900
949,340,49057200900
950,341,49057200800
951,342,49057200800
952,343,49057200800
953,344,49057200800
954,346,49057200700
955,348,49057200700
956,349,49057200700
957,345,49057200700
958,347,49057200700
959,354,49057201301
960,355,49057201301
961,357,49057201302
962,356,49057201302
963,358,49057201302
964,375,49057201500
965,374,49057201500
966,376,49057201500
967,385,49057201500
968,383,49057201500
969,361,49057201400
970,362,49057201400
971,359,49057201400
972,360,49057201400
973,365,49057201800
974,366,49057201800
975,368,49057201800
976,369,49057201800
977,367,49057201800
978,370,49057201700
979,371,49057201700
980,372,49057201700
981,377,49057210800
982,378,49057210800
983,379,49057210800
984,380,49057210800
985,390,49057210800
986,364,49057210511
987,387,49057210511
988,363,49057210511
989,386,49057210511
990,381,49057201600
991,373,49057201600
992,382,49057201600
993,389,49057210512
994,388,49057210512
995,400,49057210512
996,403,49057210512
997,404,49057210512
998,406,49057210512
999,399,49057210512
1000,401,49057210512
1001,402,49057210512
1002,392,49057211000
1003,391,49057211000
1004,393,49057211000
1005,395,49057210900
1006,396,49057210900
1007,415,49057210900
1008,416,49057210900
1009,394,49057210900
1010,384,49057202000
1011,397,49057202000
1012,417,49057202000
1013,398,49057202000
1014,405,49057211100
1015,407,49057211100
1016,410,49057211100
1017,408,49057211100
1018,409,49057211100
1019,411,49057211202
1020,413,49057211202
1021,412,49057211202
1022,414,49057211202
1023,418,49057211201
1024,419,49057211201
1025,423,49057211201
1026,420,49057211201
1027,290,49057210510
1028,289,49057210510
1029,433,49011125303
1030,431,49011125303
1031,436,49011125303
1032,435,49011125303
1033,430,49011125303
1034,432,49011125303
1035,434,49011125303
1036,428,49011125303
1037,429,49011125303
1038,437,49011125304
1039,438,49011125304
1040,439,49011125304
1041,440,49011125304
1042,445,49011125304
1043,447,49011125304
1044,448,49011125301
1045,449,49011125301
1046,452,49011125301
1047,453,49011125301
1048,446,49011125502
1049,455,49011125502
1050,456,49011125502
1051,454,49011125502
1052,470,49011125701
1053,473,49011125701
1054,472,49011125701
1055,469,49011125702
1056,471,49011125702
1057,474,49011125200
1058,475,49011125200
1059,478,49011125200
1060,476,49011125200
1061,477,49011125200
1062,479,49011125200
1063,480,49011125200
1064,526,49011125808
1065,524,49011125808
1066,525,49011125808
1067,481,49011125103
1068,482,49011125103
1069,484,49011125103
1070,483,49011125103
1071,485,49011125104
1072,486,49011125104
1073,488,49011125104
1074,489,49011125104
1075,487,49011125104
1076,492,49011125403
1077,493,49011125403
1078,491,49011125403
1079,494,49011125403
1080,490,49011125403
1081,495,49011125403
1082,506,49011125403
1083,507,49011125403
1084,496,49011125406
1085,498,49011125406
1086,500,49011125406
1087,502,49011125406
1088,497,49011125405
1089,499,49011125405
1090,501,49011125405
1091,503,49011125405
1092,504,49011125801
1093,505,49011125801
1094,510,49011126002
1095,511,49011126002
1096,508,49011126002
1097,512,49011126002
1098,514,49011126002
1099,509,49011126002
1100,513,49011126001
1101,515,49011126001
1102,538,49011126001
1103,539,49011126001
1104,540,49011126001
1105,516,49011126104
1106,517,49011126104
1107,518,49011126104
1108,522,49011126104
1109,519,49011126104
1110,520,49011126104
1111,523,49011126104
1112,521,49011126104
1113,528,49011125807
1114,529,49011125804
1115,532,49011125804
1116,533,49011125804
1117,534,49011125907
1118,531,49011125907
1119,530,49011125805
1120,527,49011125805
1121,535,49011125908
1122,542,49011125905
1123,541,49011125905
1124,536,49011125102
1125,537,49011125102
1126,553,49011125102
1127,543,49011125906
1128,544,49011125906
1129,545,49011126101
1130,546,49011126101
1131,547,49011126101
1132,548,49011127100
1133,549,49011127100
1134,551,49011127100
1135,552,49011127100
1136,550,49011127100
1137,554,49011126105
1138,555,49011126105
1139,556,49011126202
1140,557,49011126202
1141,567,49011126202
1142,563,49011126202
1143,565,49011126202
1144,568,49011126202
1145,564,49011126202
1146,569,49011126202
1147,566,49011126202
1148,558,49011126203
1149,560,49011126203
1150,559,49011126203
1151,561,49011126203
1152,562,49011126203
1153,570,49011126204
1154,571,49011126204
1155,574,49011126204
1156,572,49011126204
1157,573,49011126204
1158,575,49011126304
1159,577,49011126304
1160,582,49011126304
1161,584,49011126304
1162,586,49011126304
1163,581,49011126304
1164,588,49011126304
1165,585,49011126304
1166,587,49011126304
1167,579,49011126304
1168,576,49011126304
1169,578,49011126303
1170,580,49011126303
1171,583,49011126303
1172,601,49011127003
1173,602,49011127003
1174,604,49011127003
1175,599,49011127003
1176,617,49011127003
1177,618,49011127003
1178,600,49011127003
1179,603,49011127003
1180,589,49011126306
1181,590,49011126306
1182,591,49011126306
1183,592,49011126306
1184,593,49011126306
1185,594,49011126306
1186,595,49011126306
1187,596,49011126306
1188,597,49011126306
1189,598,49011126305
1190,623,49011127004
1191,620,49011127004
1192,621,49011127004
1193,625,49011127004
1194,619,49011127004
1195,622,49011127004
1196,624,49011127004
1197,605,49011126600
1198,607,49011126600
1199,606,49011126600
1200,608,49011126700
1201,611,49011126700
1202,610,49011126700
1203,609,49011126700
1204,613,49011126500
1205,612,49011126500
1206,615,49011126500
1207,614,49011126500
1208,643,49011127002
1209,644,49011127002
1210,645,49011127002
1211,647,49011127002
1212,646,49011127002
1213,642,49011127002
1214,640,49011127002
1215,641,49011127002
1216,626,49011126901
1217,627,49011126901
1218,629,49011126901
1219,628,49011126901
1220,633,49011126902
1221,635,49011126902
1222,634,49011126902
1223,632,49011126902
1224,636,49011126802
1225,637,49011126802
1226,639,49011126402
1227,616,49011126402
1228,638,49011126402
1229,648,49011126406
1230,649,49011126406
1231,650,49011126405
1232,651,49011126405
1233,653,49011126404
1234,654,49011126404
1235,652,49011126404
1236,662,49035980000
1237,669,49035980000
1238,743,49035980000
1239,742,49035980000
1240,745,49035980000
1241,744,49035980000
1242,747,49035980000
1243,746,49035980000
1244,741,49035980000
1245,736,49035980000
1246,663,49035980000
1247,1782,49045980000
1248,1783,49045130701
1249,699,49035113903
1250,701,49035113903
1251,702,49035113903
1252,703,49035113903
1253,700,49035113903
1254,706,49035113407
1255,707,49035113407
1256,708,49035113407
1257,809,49035113407
1258,810,49035113407
1259,685,49035113407
1260,711,49035113407
1261,808,49035113407
1262,811,49035113407
1263,710,49035113407
1264,709,49035113407
1265,712,49035113407
1266,2249,49049000601
1267,2188,49049000601
1268,2239,49049000601
1269,2241,49049000601
1270,2242,49049000601
1271,2243,49049000601
1272,2246,49049000601
1273,2250,49049000601
1274,2247,49049000601
1275,2285,49049000601
1276,2240,49049000601
1277,2248,49049000601
1278,2253,49049002201
1279,2254,49049002201
1280,2255,49049002201
1281,2256,49049002201
1282,2257,49049002201
1283,2258,49049002201
1284,2251,49049002201
1285,2259,49049002201
1286,2261,49049002201
1287,2252,49049002201
1288,2262,49049002201
1289,2264,49049002201
1290,2269,49049002201
1291,2270,49049002201
1292,2267,49049002201
1293,2272,49049002201
1294,2268,49049002201
1295,2273,49049002201
1296,2275,49049002201
1297,2274,49049002201
1298,2276,49049002201
1299,2271,49049002201
1300,2266,49049002201
1301,2277,49049002201
1302,2278,49049002201
1303,2279,49049002201
1304,2280,49049002201
1305,2281,49049002201
1306,2282,49049002201
1307,2283,49049002201
1308,2284,49049002201
1309,2265,49049002201
1310,2260,49049002201
1311,2263,49049002201
1312,2505,49049003001
1313,2501,49049003001
1314,2502,49049003001
1315,2498,49049003001
1316,2500,49049003001
1317,2504,49049002902
1318,2508,49049002902
1319,2503,49049002902
1320,2499,49049002902
1321,2525,49049002902
1322,2509,49049003105
1323,2510,49049003105
1324,2511,49049003105
1325,2526,49049003105
1326,2527,49049003105
1327,2506,49049003002
1328,2507,49049003002
1329,2512,49049003104
1330,2530,49049003104
1331,2529,49049003104
1332,2535,49049003104
1333,719,49035113905
1334,721,49035113905
1335,720,49035113905
1336,722,49035113905
1337,717,49035113905
1338,718,49035113905
1339,724,49035113408
1340,725,49035113408
1341,723,49035113408
1342,727,49035113525
1343,728,49035113525
1344,731,49035113525
1345,732,49035113525
1346,730,49035113525
1347,733,49035113525
1348,734,49035113525
1349,907,49035113525
1350,906,49035113525
1351,878,49035113525
1352,729,49035113525
1353,735,49035113525
1354,738,49035114700
1355,751,49035114700
1356,753,49035114700
1357,740,49035114700
1358,739,49035114700
1359,752,49035114700
1360,737,49035114700
1361,749,49035100308
1362,750,49035100308
1363,759,49035100600
1364,760,49035100600
1365,761,49035100600
1366,762,49035100600
1367,764,49035100600
1368,763,49035100600
1369,754,49035100500
1370,755,49035100500
1371,756,49035100306
1372,758,49035100306
1373,757,49035100306
1374,765,49035102702
1375,784,49035102702
1376,766,49035102600
1377,769,49035102600
1378,768,49035102600
1379,767,49035102600
1380,787,49035102600
1381,788,49035102600
1382,772,49035114500
1383,774,49035114500
1384,775,49035114500
1385,776,49035114500
1386,778,49035114500
1387,781,49035114500
1388,780,49035114500
1389,782,49035114500
1390,783,49035114500
1391,812,49035114500
1392,817,49035114500
1393,818,49035114500
1394,819,49035114500
1395,815,49035114500
1396,820,49035114500
1397,798,49035114500
1398,800,49035114500
1399,816,49035114500
1400,824,49035114500
1401,799,49035114500
1402,795,49035114500
1403,796,49035114500
1404,814,49035114500
1405,771,49035114500
1406,797,49035114500
1407,777,49035114500
1408,779,49035114500
1409,813,49035114500
1410,785,49035102701
1411,786,49035102701
1412,791,49035102801
1413,792,49035102801
1414,793,49035102801
1415,790,49035102801
1416,789,49035102801
1417,801,49035102802
1418,804,49035102802
1419,805,49035102802
1420,806,49035102802
1421,807,49035102802
1422,802,49035102802
1423,803,49035102802
1424,826,49035113307
1425,822,49035113307
1426,823,49035113307
1427,827,49035113307
1428,825,49035113307
1429,821,49035113307
1430,830,49035113308
1431,831,49035113308
1432,829,49035113308
1433,833,49035113305
1434,832,49035113305
1435,835,49035113305
1436,834,49035113305
1437,836,49035113305
1438,838,49035113305
1439,839,49035113305
1440,840,49035113305
1441,841,49035113305
1442,837,49035113305
1443,842,49035111500
1444,843,49035111500
1445,844,49035111500
1446,845,49035111500
1447,846,49035111500
1448,1139,49035111500
1449,1140,49035111500
1450,1163,49035111500
1451,1164,49035111500
1452,1165,49035111500
1453,1166,49035111500
1454,1167,49035111500
1455,1168,49035111500
1456,1144,49035111500
1457,1184,49035111500
1458,1185,49035111500
1459,1186,49035111500
1460,1187,49035111500
1461,1189,49035111500
1462,1190,49035111500
1463,1191,49035111500
1464,1188,49035111500
1465,1192,49035111500
1466,847,49035113412
1467,848,49035113412
1468,849,49035113409
1469,726,49035113409
1470,851,49035113413
1471,850,49035113413
1472,852,49035113406
1473,853,49035113406
1474,828,49035113406
1475,855,49035113410
1476,857,49035113410
1477,858,49035113410
1478,854,49035113410
1479,856,49035113411
1480,859,49035113411
1481,860,49035113411
1482,862,49035113411
1483,861,49035113309
1484,863,49035113309
1485,867,49035113309
1486,864,49035113310
1487,865,49035113310
1488,866,49035113310
1489,868,49035113310
1490,869,49035113306
1491,871,49035113306
1492,870,49035113306
1493,872,49035113306
1494,874,49035113509
1495,873,49035113509
1496,875,49035111600
1497,876,49035111600
1498,877,49035111600
1499,1200,49035111600
1500,1201,49035111600
1501,1199,49035111600
1502,1203,49035111600
1503,1204,49035111600
1504,1205,49035111600
1505,1206,49035111600
1506,1207,49035111600
1507,1208,49035111600
1508,1209,49035111600
1509,1210,49035111600
1510,1202,49035111600
1511,1211,49035111600
1512,885,49035113505
1513,886,49035113505
1514,884,49035113505
1515,883,49035113505
1516,887,49035113536
1517,888,49035113536
1518,889,49035113537
1519,890,49035113537
1520,892,49035113520
1521,891,49035113520
1522,893,49035113520
1523,920,49035113522
1524,918,49035113522
1525,919,49035113522
1526,896,49035113510
1527,894,49035113510
1528,895,49035113510
1529,897,49035113510
1530,901,49035113514
1531,900,49035113514
1532,903,49035112100
1533,904,49035112100
1534,905,49035112100
1535,929,49035112100
1536,902,49035112100
1537,1225,49035112100
1538,1226,49035112100
1539,1228,49035112100
1540,1229,49035112100
1541,1230,49035112100
1542,1231,49035112100
1543,1232,49035112100
1544,1233,49035112100
1545,1227,49035112100
1546,1234,49035112100
1547,930,49035112100
1548,912,49035113600
1549,914,49035113521
1550,915,49035113521
1551,916,49035113521
1552,917,49035113521
1553,913,49035113521
1554,922,49035113513
1555,923,49035113513
1556,921,49035113513
1557,924,49035113513
1558,925,49035113515
1559,927,49035113515
1560,928,49035113515
1561,926,49035113515
1562,911,49035113802
1563,910,49035113802
1564,936,49035113702
1565,939,49035113523
1566,938,49035113523
1567,941,49035113533
1568,942,49035113533
1569,943,49035113533
1570,1442,49035113533
1571,944,49035102500
1572,945,49035102500
1573,947,49035102500
1574,948,49035102500
1575,946,49035102500
1576,949,49035102500
1577,950,49035102500
1578,951,49035102500
1579,952,49035102500
1580,953,49035102500
1581,954,49035102500
1582,955,49035102500
1583,956,49035102500
1584,957,49035102500
1585,958,49035102500
1586,959,49035102500
1587,960,49035102500
1588,961,49035102500
1589,962,49035102500
1590,963,49035102500
1591,964,49035102500
1592,965,49035100800
1593,966,49035100800
1594,1043,49035100800
1595,1044,49035100800
1596,968,49035114000
1597,969,49035114000
1598,970,49035114000
1599,971,49035114000
1600,972,49035114000
1601,973,49035114000
1602,974,49035114000
1603,975,49035114000
1604,976,49035114000
1605,977,49035114000
1606,978,49035114000
1607,979,49035114000
1608,980,49035114000
1609,981,49035114000
1610,982,49035114000
1611,991,49035114000
1612,993,49035114000
1613,994,49035114000
1614,995,49035114000
1615,996,49035114000
1616,997,49035114000
1617,998,49035114000
1618,999,49035114000
1619,1000,49035114000
1620,1001,49035114000
1621,1002,49035114000
1622,992,49035114000
1623,1003,49035114000
1624,1004,49035114000
1625,1005,49035114000
1626,1006,49035114000
1627,1007,49035114000
1628,1008,49035114000
1629,1009,49035114000
1630,1010,49035114000
1631,1011,49035114000
1632,1012,49035114000
1633,1013,49035114000
1634,1014,49035114000
1635,967,49035101102
1636,1051,49035101102
1637,983,49035102100
1638,984,49035102100
1639,985,49035102100
1640,986,49035102100
1641,987,49035102100
1642,988,49035102100
1643,989,49035102100
1644,990,49035102100
1645,1015,49035102300
1646,1016,49035102300
1647,1017,49035102300
1648,1018,49035102300
1649,1019,49035102300
1650,1020,49035102300
1651,1021,49035102300
1652,1022,49035102300
1653,1023,49035102300
1654,1024,49035102300
1655,1025,49035102300
1656,1029,49035100200
1657,1031,49035100200
1658,1030,49035100200
1659,1034,49035100100
1660,1035,49035100100
1661,1027,49035100100
1662,1037,49035100100
1663,1038,49035100100
1664,1026,49035100100
1665,1036,49035100100
1666,1028,49035100100
1667,1039,49035100700
1668,1041,49035100700
1669,1040,49035100700
1670,1042,49035100700
1671,1045,49035101000
1672,1048,49035101000
1673,1046,49035101000
1674,1049,49035101000
1675,1050,49035101000
1676,1047,49035101000
1677,1052,49035101101
1678,1053,49035101101
1679,1054,49035101200
1680,1058,49035101200
1681,1055,49035101200
1682,1059,49035101200
1683,1057,49035101200
1684,1056,49035114800
1685,1032,49035114800
1686,1033,49035114800
1687,1060,49035101900
1688,1061,49035101900
1689,1062,49035101900
1690,1066,49035101900
1691,1064,49035101900
1692,1067,49035101900
1693,1065,49035101900
1694,1063,49035101900
1695,1068,49035101700
1696,1070,49035101700
1697,1069,49035101700
1698,1071,49035101500
1699,1072,49035101500
1700,1073,49035101500
1701,1074,49035101500
1702,1075,49035101400
1703,1092,49035101400
1704,1076,49035101400
1705,1093,49035101400
1706,1094,49035101400
1707,1077,49035101400
1708,1078,49035102000
1709,1079,49035102000
1710,1080,49035102000
1711,1081,49035102000
1712,1082,49035102000
1713,1083,49035102000
1714,1084,49035102000
1715,1085,49035101800
1716,1086,49035101800
1717,1087,49035101800
1718,1088,49035101600
1719,1089,49035101600
1720,1090,49035101600
1721,1091,49035101600
1722,1095,49035102900
1723,1096,49035102900
1724,1097,49035102900
1725,1098,49035102900
1726,1099,49035102900
1727,1101,49035102900
1728,1100,49035102900
1729,1102,49035102900
1730,1122,49035102900
1731,1123,49035102900
1732,1124,49035102900
1733,1142,49035102900
1734,1141,49035102900
1735,1125,49035102900
1736,1121,49035102900
1737,1137,49035102900
1738,1138,49035102900
1739,1143,49035102900
1740,1127,49035103100
1741,1128,49035103100
1742,1126,49035103100
1743,1104,49035103000
1744,1105,49035103000
1745,1103,49035103000
1746,1129,49035103400
1747,1131,49035103400
1748,1130,49035103400
1749,1106,49035103500
1750,1107,49035103500
1751,1108,49035103500
1752,1109,49035103500
1753,1110,49035103600
1754,1112,49035103600
1755,1111,49035103600
1756,1113,49035103600
1757,1114,49035104100
1758,1115,49035104100
1759,1118,49035104200
1760,1117,49035104200
1761,1120,49035104200
1762,1162,49035104200
1763,1116,49035104200
1764,1119,49035104200
1765,1161,49035104200
1766,1132,49035103700
1767,1133,49035103700
1768,1136,49035104000
1769,1134,49035104000
1770,1135,49035104000
1771,1146,49035103200
1772,1147,49035103200
1773,1145,49035103200
1774,1150,49035103300
1775,1152,49035103300
1776,1149,49035103300
1777,1148,49035103300
1778,1151,49035103300
1779,1153,49035103800
1780,1154,49035103800
1781,1155,49035103900
1782,1156,49035103900
1783,1157,49035103900
1784,1158,49035104300
1785,1159,49035104300
1786,1160,49035104300
1787,1169,49035111400
1788,1170,49035111400
1789,1172,49035111400
1790,1171,49035111400
1791,1194,49035111400
1792,1196,49035111400
1793,1195,49035111400
1794,1193,49035111400
1795,1173,49035104900
1796,1174,49035104900
1797,1197,49035104900
1798,1198,49035104900
1799,1263,49035104900
1800,1176,49035114100
1801,1177,49035114100
1802,1178,49035114100
1803,1179,49035114100
1804,1180,49035114100
1805,1181,49035114100
1806,1182,49035114100
1807,1175,49035114100
1808,1183,49035104400
1809,1212,49035111702
1810,1214,49035111702
1811,1215,49035111702
1812,1213,49035111702
1813,1218,49035111702
1814,1216,49035111701
1815,1217,49035111701
1816,1221,49035111906
1817,1219,49035111906
1818,1220,49035111906
1819,1222,49035111906
1820,1224,49035111905
1821,1223,49035111905
1822,1235,49035112001
1823,1236,49035112001
1824,1237,49035112001
1825,1238,49035112002
1826,1239,49035112002
1827,1250,49035112002
1828,1253,49035112002
1829,1243,49035112202
1830,1245,49035112202
1831,1246,49035112202
1832,1632,49035112202
1833,1633,49035112202
1834,1244,49035112202
1835,932,49035112201
1836,1446,49035112201
1837,1448,49035112201
1838,931,49035112201
1839,1447,49035112201
1840,1247,49035112301
1841,1251,49035112301
1842,1248,49035112301
1843,1249,49035112301
1844,1252,49035112301
1845,1254,49035112302
1846,1255,49035112302
1847,1257,49035112302
1848,1256,49035112302
1849,1242,49035111102
1850,1329,49035111102
1851,1330,49035111102
1852,1331,49035111102
1853,1260,49035111103
1854,1261,49035111103
1855,1262,49035111103
1856,1332,49035111103
1857,1265,49035104700
1858,1266,49035104700
1859,1267,49035104700
1860,1268,49035104700
1861,1264,49035104700
1862,1269,49035111802
1863,1273,49035111802
1864,1274,49035111802
1865,1275,49035111802
1866,1270,49035104800
1867,1271,49035104800
1868,1272,49035104800
1869,1276,49035104800
1870,1277,49035104800
1871,1278,49035110300
1872,1279,49035110300
1873,1280,49035110300
1874,1281,49035110300
1875,1283,49035110300
1876,1282,49035110300
1877,1284,49035110200
1878,1285,49035110200
1879,1286,49035110200
1880,1298,49035110500
1881,1299,49035110500
1882,1300,49035110500
1883,1301,49035110500
1884,1297,49035110402
1885,1295,49035110402
1886,1296,49035110402
1887,1288,49035110104
1888,1289,49035110104
1889,1338,49035110104
1890,1786,49035110104
1891,1302,49035111903
1892,1303,49035111903
1893,1304,49035111903
1894,1291,49035111801
1895,1290,49035111801
1896,1292,49035111801
1897,1305,49035111904
1898,1306,49035111904
1899,1293,49035110401
1900,1294,49035110401
1901,1308,49035110701
1902,1307,49035110701
1903,1309,49035110800
1904,1320,49035110800
1905,1323,49035110800
1906,1322,49035110800
1907,1321,49035110800
1908,1310,49035110702
1909,1312,49035110702
1910,1313,49035110702
1911,1311,49035110702
1912,1314,49035110600
1913,1315,49035110600
1914,1316,49035110600
1915,1318,49035110600
1916,1319,49035110600
1917,1317,49035110600
1918,1325,49035110900
1919,1326,49035110900
1920,1327,49035110900
1921,1324,49035110900
1922,1328,49035111101
1923,1259,49035111101
1924,1241,49035111101
1925,1240,49035111101
1926,1258,49035111101
1927,1335,49035111001
1928,1337,49035111001
1929,1333,49035111001
1930,1334,49035111001
1931,1336,49035111001
1932,1348,49035113526
1933,1349,49035113526
1934,933,49035113526
1935,1350,49035113534
1936,1420,49035113534
1937,1421,49035113534
1938,1356,49035113535
1939,1424,49035113535
1940,1426,49035113535
1941,1425,49035113535
1942,1427,49035113535
1943,1398,49035113107
1944,1406,49035113107
1945,1397,49035113107
1946,1407,49035113107
1947,1396,49035113107
1948,1408,49035113107
1949,1409,49035113107
1950,1410,49035113107
1951,1411,49035113107
1952,1565,49035113107
1953,1581,49035113107
1954,1579,49035113107
1955,1580,49035113107
1956,1412,49035113107
1957,1413,49035113107
1958,1423,49035113528
1959,1431,49035112904
1960,1433,49035112904
1961,1432,49035112912
1962,1436,49035112912
1963,1434,49035112905
1964,1435,49035112905
1965,1437,49035112913
1966,1438,49035112913
1967,1443,49035114200
1968,1445,49035114200
1969,1476,49035114200
1970,1478,49035114200
1971,1509,49035114200
1972,1451,49035112403
1973,1452,49035112403
1974,1449,49035112403
1975,1453,49035112403
1976,1454,49035112403
1977,1480,49035112403
1978,1479,49035112403
1979,1450,49035112403
1980,1486,49035113101
1981,1458,49035113101
1982,1460,49035113101
1983,1459,49035113101
1984,1462,49035113102
1985,1487,49035113102
1986,1488,49035113102
1987,1465,49035113102
1988,1493,49035113102
1989,1466,49035112921
1990,1494,49035112921
1991,1495,49035112921
1992,1467,49035112921
1993,1472,49035112921
1994,1500,49035112921
1995,1464,49035112917
1996,1468,49035112917
1997,1469,49035112917
1998,1471,49035112920
1999,1473,49035112920
2000,1470,49035112920
2001,1501,49035112920
2002,1474,49035112918
2003,1477,49035112918
2004,1475,49035112918
2005,1508,49035112918
2006,1457,49035113108
2007,1489,49035113007
2008,1491,49035113007
2009,1496,49035113008
2010,1490,49035113008
2011,1497,49035113008
2012,1492,49035113008
2013,1498,49035113008
2014,1499,49035113008
2015,1502,49035113010
2016,1503,49035113010
2017,1507,49035113010
2018,1504,49035113010
2019,1506,49035113010
2020,1505,49035113010
2021,1513,49035112605
2022,1514,49035112605
2023,1516,49035112605
2024,1703,49035112605
2025,1515,49035112605
2026,1704,49035112605
2027,1709,49035112605
2028,1710,49035112605
2029,1713,49035112605
2030,1712,49035112605
2031,1711,49035112605
2032,1705,49035112605
2033,1532,49035113020
2034,1533,49035113020
2035,1534,49035113020
2036,1536,49035113020
2037,1537,49035113020
2038,1541,49035113020
2039,1540,49035113020
2040,1535,49035113020
2041,1542,49035113020
2042,1538,49035113020
2043,1543,49035113020
2044,1547,49035113019
2045,1548,49035113019
2046,1545,49035113019
2047,1546,49035113019
2048,1549,49035113019
2049,1544,49035113019
2050,1554,49035113011
2051,1553,49035113011
2052,1552,49035113011
2053,1555,49035113011
2054,1551,49035113011
2055,1550,49035113011
2056,1556,49035114600
2057,1572,49035114600
2058,1573,49035114600
2059,1594,49035114600
2060,1595,49035114600
2061,1593,49035114600
2062,1596,49035114600
2063,1557,49035113012
2064,1559,49035113012
2065,1510,49035113012
2066,1512,49035113012
2067,1558,49035113012
2068,1511,49035113012
2069,1560,49035112817
2070,1562,49035112817
2071,1563,49035112817
2072,1574,49035112817
2073,1564,49035112817
2074,1576,49035112817
2075,1578,49035112817
2076,1575,49035112817
2077,1597,49035112817
2078,1599,49035112817
2079,1600,49035112817
2080,1727,49035112817
2081,1729,49035112817
2082,1577,49035112817
2083,1603,49035112817
2084,1728,49035112817
2085,1598,49035112817
2086,1561,49035112817
2087,1566,49035113013
2088,1568,49035113013
2089,1567,49035113013
2090,1569,49035113013
2091,1571,49035113014
2092,1570,49035113014
2093,1583,49035113016
2094,1585,49035113016
2095,1582,49035113016
2096,1609,49035113016
2097,1588,49035113016
2098,1586,49035113016
2099,1587,49035113016
2100,1584,49035113016
2101,1590,49035113017
2102,1591,49035113017
2103,1592,49035113017
2104,1589,49035113017
2105,1610,49035112810
2106,1611,49035112810
2107,1612,49035112810
2108,1613,49035112810
2109,1619,49035112810
2110,1620,49035112810
2111,1615,49035112810
2112,1622,49035112810
2113,1621,49035112810
2114,1623,49035112810
2115,1624,49035112810
2116,1631,49035112810
2117,1630,49035112810
2118,1616,49035112810
2119,1617,49035112810
2120,1625,49035112810
2121,1618,49035112810
2122,1614,49035112810
2123,1634,49035112404
2124,1636,49035112404
2125,1637,49035112404
2126,1635,49035112404
2127,1638,49035112501
2128,1639,49035112501
2129,1641,49035112503
2130,1642,49035112503
2131,1643,49035112503
2132,1640,49035112503
2133,1644,49035112502
2134,1645,49035112502
2135,1646,49035112502
2136,1647,49035112502
2137,1648,49035112502
2138,1649,49035111201
2139,1651,49035111201
2140,1650,49035111201
2141,1653,49035111202
2142,1652,49035111202
2143,1654,49035111202
2144,1655,49035111002
2145,1656,49035111002
2146,1658,49035111002
2147,1657,49035111002
2148,1659,49035110102
2149,1667,49035110102
2150,1668,49035110102
2151,1725,49035110102
2152,1726,49035110102
2153,1788,49035110102
2154,1787,49035110102
2155,1661,49035111305
2156,1660,49035111305
2157,1662,49035111306
2158,1663,49035111306
2159,1669,49035112402
2160,1670,49035112402
2161,1671,49035112402
2162,1673,49035112402
2163,1674,49035112402
2164,1672,49035112402
2165,1676,49035112610
2166,1675,49035112610
2167,1677,49035112610
2168,1678,49035112610
2169,1683,49035112618
2170,1684,49035112618
2171,1682,49035112611
2172,1681,49035112611
2173,1679,49035112611
2174,1680,49035112611
2175,1686,49035112619
2176,1685,49035112619
2177,1687,49035112614
2178,1688,49035112614
2179,1691,49035112700
2180,1690,49035112700
2181,1692,49035112700
2182,1706,49035112700
2183,1707,49035112700
2184,1693,49035112700
2185,1708,49035112700
2186,1697,49035112608
2187,1698,49035112608
2188,1699,49035112608
2189,1700,49035112608
2190,1701,49035112609
2191,1702,49035112609
2192,1715,49035112604
2193,1717,49035112604
2194,1716,49035112604
2195,1718,49035112613
2196,1719,49035112613
2197,1722,49035112613
2198,1721,49035112616
2199,1720,49035112616
2200,1730,49035112812
2201,1731,49035112812
2202,1732,49035112812
2203,1734,49035112822
2204,1733,49035112822
2205,1735,49035112822
2206,1736,49035112822
2207,1737,49035112804
2208,1740,49035112804
2209,1738,49035112804
2210,1739,49035112804
2211,1741,49035112813
2212,1743,49035112813
2213,1756,49035112813
2214,1742,49035112813
2215,1744,49035112814
2216,1745,49035112814
2217,1746,49035112814
2218,1747,49035112823
2219,1748,49035112823
2220,1750,49035112823
2221,1751,49035112823
2222,1749,49035112823
2223,1752,49035112805
2224,1754,49035112805
2225,1753,49035112805
2226,1755,49035112815
2227,1757,49035112815
2228,1759,49035112815
2229,1758,49035112815
2230,1760,49035112819
2231,1761,49035112819
2232,1763,49035112819
2233,1762,49035112819
2234,1765,49035112821
2235,1768,49035112821
2236,1774,49035112821
2237,1769,49035112821
2238,1766,49035112821
2239,1777,49035112821
2240,1764,49035112816
2241,1771,49035112816
2242,1772,49035112816
2243,1770,49035112816
2244,1773,49035112816
2245,1767,49035112816
2246,1778,49035112820
2247,1779,49035112820
2248,1780,49035112820
2249,1781,49035112820
2250,1775,49035112820
2251,1776,49035112820
2252,1879,49049010104
2253,1881,49049010104
2254,1898,49049010104
2255,1900,49049010104
2256,1901,49049010104
2257,1899,49049010104
2258,1948,49049010104
2259,1949,49049010104
2260,1951,49049010104
2261,1952,49049010104
2262,1953,49049010104
2263,1921,49049010113
2264,1918,49049010113
2265,1922,49049010113
2266,1923,49049010113
2267,1924,49049010113
2268,1925,49049010113
2269,1926,49049010113
2270,1927,49049010113
2271,1928,49049010113
2272,1929,49049010113
2273,1932,49049010113
2274,1934,49049010113
2275,1937,49049010113
2276,1938,49049010113
2277,2870,49049010113
2278,1930,49049010113
2279,1933,49049010113
2280,1917,49049010113
2281,1915,49049010113
2282,1919,49049010113
2283,1936,49049010113
2284,1935,49049010113
2285,1913,49049010113
2286,1916,49049010113
2287,1920,49049010113
2288,1931,49049010113
2289,1939,49049010106
2290,1940,49049010106
2291,1941,49049010106
2292,1942,49049010106
2293,1945,49049010106
2294,1943,49049010106
2295,1944,49049010106
2296,1946,49049010106
2297,1954,49049010106
2298,1956,49049010106
2299,1962,49049010106
2300,1963,49049010106
2301,1955,49049010106
2302,1957,49049010106
2303,1991,49049980100
2304,2012,49049980100
2305,2033,49049000103
2306,2035,49049000103
2307,2034,49049000103
2308,2036,49049000103
2309,2037,49049000103
2310,2032,49049000103
2311,2038,49049000103
2312,2040,49049000103
2313,2043,49049000103
2314,2189,49049000103
2315,2039,49049000102
2316,2041,49049000102
2317,2042,49049000102
2318,2046,49049000102
2319,2050,49049000102
2320,2054,49049000102
2321,2045,49049010110
2322,2048,49049010110
2323,2049,49049010110
2324,2051,49049010110
2325,2052,49049010110
2326,2053,49049010110
2327,2044,49049010110
2328,2047,49049010110
2329,2060,49049000105
2330,2063,49049000105
2331,2064,49049000105
2332,2058,49049000105
2333,2061,49049000104
2334,2065,49049000104
2335,2066,49049000104
2336,2062,49049010218
2337,2139,49049010218
2338,2140,49049010218
2339,2144,49049010218
2340,2145,49049010218
2341,2067,49049010214
2342,2068,49049010214
2343,2072,49049010214
2344,2077,49049010214
2345,2073,49049010214
2346,2078,49049010214
2347,2086,49049010214
2348,2087,49049010214
2349,2085,49049010214
2350,2088,49049010214
2351,2090,49049010214
2352,2089,49049010214
2353,2069,49049010216
2354,2070,49049010216
2355,2071,49049010216
2356,2074,49049010216
2357,2075,49049010216
2358,2076,49049010216
2359,2080,49049010217
2360,2079,49049010217
2361,2083,49049010217
2362,2123,49049010217
2363,2126,49049010217
2364,2120,49049010217
2365,2119,49049010217
2366,2081,49049010212
2367,2082,49049010212
2368,2084,49049010212
2369,2108,49049010212
2370,2109,49049010212
2371,2113,49049010212
2372,2114,49049010212
2373,2111,49049010212
2374,2115,49049010212
2375,2116,49049010212
2376,2118,49049010212
2377,2873,49049010212
2378,2110,49049010212
2379,2112,49049010212
2380,2107,49049010212
2381,2106,49049010212
2382,2117,49049010212
2383,2127,49049010208
2384,2125,49049010208
2385,2124,49049010208
2386,2121,49049010208
2387,2134,49049010209
2388,2136,49049010209
2389,2137,49049010209
2390,2138,49049010209
2391,2135,49049010209
2392,2131,49049010209
2393,2132,49049010209
2394,2133,49049010209
2395,2142,49049010219
2396,2146,49049010219
2397,2147,49049010219
2398,2148,49049010219
2399,2143,49049010219
2400,2160,49049010219
2401,2141,49049010219
2402,2155,49049010220
2403,2156,49049010220
2404,2159,49049010220
2405,2157,49049010220
2406,2158,49049010220
2407,2162,49049010210
2408,2163,49049010210
2409,2161,49049010210
2410,2215,49049010210
2411,2164,49049010700
2412,2154,49049010700
2413,2169,49049010700
2414,2170,49049010700
2415,2168,49049000204
2416,2171,49049000204
2417,2167,49049000204
2418,2174,49049000204
2419,2173,49049000204
2420,2172,49049000204
2421,2057,49049000204
2422,2165,49049010213
2423,2166,49049010213
2424,2175,49049000203
2425,2176,49049000203
2426,2178,49049000203
2427,2179,49049000203
2428,2177,49049000400
2429,2181,49049000400
2430,2182,49049000400
2431,2186,49049000400
2432,2180,49049000400
2433,2183,49049000400
2434,2184,49049000400
2435,2187,49049000509
2436,2219,49049000509
2437,2220,49049000509
2438,2232,49049000509
2439,2234,49049000509
2440,2235,49049000509
2441,2236,49049000509
2442,2231,49049000509
2443,2185,49049000509
2444,2238,49049000509
2445,2233,49049000509
2446,2237,49049000509
2447,2212,49049000508
2448,2213,49049000508
2449,2211,49049000508
2450,2216,49049000504
2451,2214,49049000504
2452,2217,49049000504
2453,2221,49049000506
2454,2222,49049000506
2455,2223,49049000507
2456,2226,49049000604
2457,2230,49049000604
2458,2289,49049000707
2459,2286,49049000707
2460,2288,49049000706
2461,2287,49049000706
2462,2290,49049000706
2463,2291,49049000706
2464,2296,49049000802
2465,2295,49049000802
2466,2297,49049000802
2467,2292,49049000801
2468,2293,49049000801
2469,2294,49049000801
2470,2298,49049000708
2471,2299,49049000708
2472,2301,49049000710
2473,2300,49049000710
2474,2302,49049000709
2475,2303,49049000709
2476,2304,49049000709
2477,2305,49049000703
2478,2306,49049000703
2479,2307,49049000703
2480,2310,49049000901
2481,2309,49049000901
2482,2314,49049000901
2483,2315,49049000901
2484,2312,49049000903
2485,2313,49049000903
2486,2311,49049000903
2487,2316,49049000904
2488,2317,49049000904
2489,2318,49049001106
2490,2319,49049001106
2491,2320,49049001107
2492,2321,49049001107
2493,2324,49049001107
2494,2332,49049001001
2495,2333,49049001001
2496,2334,49049001001
2497,2325,49049001108
2498,2328,49049001108
2499,2329,49049001108
2500,2331,49049001108
2501,2335,49049001002
2502,2336,49049001002
2503,2337,49049001002
2504,2338,49049001300
2505,2339,49049001300
2506,2340,49049001300
2507,2350,49049001300
2508,2351,49049001300
2509,2341,49049001201
2510,2342,49049001201
2511,2343,49049001201
2512,2346,49049001201
2513,2345,49049001201
2514,2344,49049001202
2515,2347,49049001202
2516,2348,49049001202
2517,2349,49049001202
2518,2352,49049001401
2519,2355,49049001401
2520,2353,49049001401
2521,2358,49049001401
2522,2359,49049001401
2523,2363,49049001401
2524,2369,49049001401
2525,2354,49049001401
2526,2356,49049001501
2527,2357,49049001501
2528,2360,49049001501
2529,2362,49049001501
2530,2361,49049001501
2531,2875,49049001501
2532,2308,49049000711
2533,2364,49049001503
2534,2365,49049001503
2535,2366,49049001503
2536,2367,49049001504
2537,2368,49049001504
2538,2379,49049001504
2539,2370,49049001601
2540,2377,49049001601
2541,2382,49049001601
2542,2371,49049001402
2543,2372,49049001402
2544,2374,49049001402
2545,2375,49049001402
2546,2373,49049001402
2547,2376,49049001402
2548,2378,49049001602
2549,2384,49049001602
2550,2383,49049001801
2551,2387,49049001801
2552,2388,49049001801
2553,2389,49049001801
2554,2380,49049001603
2555,2385,49049001701
2556,2381,49049001701
2557,2386,49049001701
2558,2390,49049001702
2559,2391,49049001702
2560,2395,49049001702
2561,2393,49049001802
2562,2394,49049001802
2563,2392,49049001802
2564,2396,49049002400
2565,2421,49049002400
2566,2450,49049002400
2567,2453,49049002400
2568,2460,49049002400
2569,2420,49049002400
2570,2397,49049001803
2571,2399,49049001803
2572,2398,49049001803
2573,2400,49049002701
2574,2463,49049002701
2575,2467,49049002701
2576,2468,49049002701
2577,2401,49049002101
2578,2402,49049002101
2579,2403,49049002101
2580,2405,49049002102
2581,2404,49049002102
2582,2409,49049002102
2583,2406,49049002000
2584,2410,49049002000
2585,2411,49049002000
2586,2415,49049002000
2587,2416,49049002000
2588,2419,49049002000
2589,2414,49049002000
2590,2417,49049001900
2591,2413,49049001900
2592,2418,49049001900
2593,2407,49049001900
2594,2408,49049001900
2595,2412,49049001900
2596,2422,49049002204
2597,2423,49049002204
2598,2426,49049002204
2599,2427,49049002204
2600,2425,49049002204
2601,2424,49049002204
2602,2428,49049002205
2603,2429,49049002205
2604,2430,49049002205
2605,2431,49049002205
2606,2432,49049002205
2607,2433,49049002207
2608,2434,49049002207
2609,2439,49049002207
2610,2441,49049002207
2611,2445,49049002207
2612,2446,49049002207
2613,2442,49049002207
2614,2443,49049002207
2615,2440,49049002207
2616,2444,49049002207
2617,2438,49049002207
2618,2436,49049002206
2619,2437,49049002206
2620,2435,49049002206
2621,2447,49049002300
2622,2448,49049002300
2623,2451,49049002300
2624,2452,49049002300
2625,2449,49049002300
2626,2456,49049002801
2627,2457,49049002801
2628,2454,49049002801
2629,2458,49049002801
2630,2471,49049002801
2631,2472,49049002801
2632,2478,49049002801
2633,2455,49049002801
2634,2459,49049002801
2635,2469,49049002801
2636,2479,49049002801
2637,2461,49049002500
2638,2462,49049002500
2639,2465,49049002500
2640,2466,49049002500
2641,2464,49049002500
2642,2470,49049002802
2643,2473,49049002802
2644,2474,49049002802
2645,2480,49049002802
2646,2483,49049002802
2647,2485,49049002802
2648,2484,49049002802
2649,2481,49049002802
2650,2482,49049002702
2651,2475,49049002702
2652,2476,49049002702
2653,2477,49049002702
2654,2521,49049010304
2655,2546,49049010304
2656,2547,49049010304
2657,2541,49049010304
2658,2548,49049010304
2659,2568,49049010304
2660,2551,49049010304
2661,2522,49049010304
2662,2556,49049010304
2663,2523,49049010304
2664,2557,49049010304
2665,2559,49049010304
2666,2560,49049010304
2667,2558,49049010304
2668,2561,49049010304
2669,2563,49049010304
2670,2564,49049010304
2671,2565,49049010304
2672,2562,49049010304
2673,2566,49049010304
2674,2567,49049010304
2675,2577,49049010304
2676,2569,49049010304
2677,2570,49049010304
2678,2571,49049010304
2679,2581,49049010304
2680,2524,49049010304
2681,2528,49049003103
2682,2533,49049003103
2683,2534,49049003103
2684,2532,49049003106
2685,2531,49049003106
2686,2536,49049003106
2687,2540,49049003106
2688,2576,49049010405
2689,2578,49049010405
2690,2579,49049010405
2691,2583,49049010404
2692,2584,49049010404
2693,2585,49049010404
2694,2588,49049003203
2695,2587,49049003203
2696,2604,49049003203
2697,2606,49049003203
2698,2582,49049003203
2699,2605,49049003203
2700,2592,49049003201
2701,2594,49049003201
2702,2593,49049003201
2703,2595,49049003201
2704,2596,49049003201
2705,2597,49049003201
2706,2599,49049003204
2707,2598,49049003204
2708,2601,49049003204
2709,2602,49049003204
2710,2580,49049003205
2711,2600,49049003205
2712,2603,49049003205
2713,2608,49049003300
2714,2612,49049003300
2715,2609,49049003300
2716,2607,49049003300
2717,2610,49049003300
2718,2613,49049003300
2719,2614,49049003300
2720,2611,49049003300
2721,2615,49049003300
2722,2617,49049003300
2723,2735,49049010407
2724,2752,49049010407
2725,2750,49049010407
2726,2751,49049010407
2727,2782,49049010407
2728,2784,49049010407
2729,2756,49049010407
2730,2785,49049010407
2731,2753,49049010407
2732,2745,49049010408
2733,2744,49049010408
2734,2749,49049010408
2735,2754,49049010408
2736,2747,49049010408
2737,2755,49049010408
2738,2743,49049010408
2739,2748,49049010408
2740,2762,49049010411
2741,2763,49049010411
2742,2764,49049010411
2743,2766,49049010411
2744,2767,49049010411
2745,2769,49049010411
2746,2759,49049010411
2747,2878,49049010411
2748,2758,49049010411
2749,2770,49049010411
2750,2760,49049010411
2751,2765,49049010411
2752,2761,49049010411
2753,2757,49049010411
2754,2768,49049010411
2755,2781,49049003402
2756,2783,49049003402
2757,2786,49049003402
2758,2787,49049003402
2759,2790,49049003402
2760,2788,49049003402
2761,2789,49049003402
2762,2780,49049003402
2763,2793,49049010410
2764,2791,49049010410
2765,2792,49049010410
2766,2802,49049010410
2767,2804,49049010410
2768,2801,49049010410
2769,2805,49049010410
2770,2807,49049010410
2771,2810,49049010410
2772,2811,49049010410
2773,2809,49049010410
2774,2808,49049010410
2775,2806,49049010410
2776,2795,49049003403
2777,2798,49049003403
2778,2797,49049003403
2779,2796,49049003403
2780,2800,49049003403
2781,2803,49049003403
2782,2799,49049003403
2783,2812,49049010409
2784,2823,49049010409
2785,2825,49049010409
2786,2824,49049010409
2787,2821,49049010505
2788,2817,49049010505
2789,2847,49049010505
2790,2819,49049010505
2791,2849,49049010505
2792,2850,49049010505
2793,2851,49049010505
2794,2818,49049010505
2795,2820,49049010505
2796,2822,49049010506
2797,2826,49049010506
2798,2827,49049010506
2799,2828,49049010506
2800,2829,49049010506
2801,2832,49049010506
2802,2833,49049010506
2803,2830,49049010506
2804,2835,49049010506
2805,2831,49049010506
2806,2834,49049010506
2807,2879,49023010200
2808,2880,49023010200
2809,1287,49035110103
2810,1785,49035110103
2811,1784,49035110103
2812,273,49057210504
2813,274,49057210504
2814,267,49057210504
2815,275,49057210504
2816,266,49057210504
2817,269,49057210504
2818,272,49057210504
2819,271,49057210504
2820,265,49057210504
2821,268,49057210504
2822,270,49057210504
2823,288,49057210508
2824,468,49011125600
2825,704,49035113904
2826,705,49035113904
2827,899,49035113512
2828,935,49035113803
2829,934,49035113803
2830,909,49035113801
2831,908,49035113801
2832,937,49035113701
2833,1461,49035112916
2834,1463,49035112916
2835,1441,49035112914
2836,1444,49035112914
2837,1602,49035112818
2838,1604,49035112818
2839,1601,49035112818
2840,1724,49035112617
2841,1723,49035112617
2842,2122,49049010211
2843,2128,49049010211
2844,2130,49049010211
2845,2874,49049010211
2846,2129,49049010211
2847,2149,49049000205
2848,2150,49049000205
2849,2059,49049000205
2850,2218,49049000505
2851,188,49057210100
2852,421,49057210100
2853,422,49057210100
2854,187,49057210100
2855,630,49011126801
2856,631,49011126801
2857,879,49035113539
2858,882,49035113539
2859,880,49035113538
2860,881,49035113538
2861,1689,49035111304
2862,1665,49035111302
2863,1664,49035111302
2864,1666,49035111302
2865,1694,49035112612
2866,1714,49035112612
2867,1695,49035112612
2868,1696,49035112612
2869,2153,49049000206
2870,2151,49049000206
2871,2152,49049000206
2872,2876,49049010900
2873,2877,49049010900
2874,467,49011125503
2875,748,49035100307
2876,898,49035113511
2877,1422,49035113527
2878,940,49035113532
2879,1439,49035112907
2880,1440,49035112907
